SET NAMES utf8mb4;
SET FOREIGN_KEY_CHECKS = 0;

-- 答辩演示增强数据
-- 导入顺序：先执行 pet_adopt_system.sql，再执行本文件

REPLACE INTO `user` (`id`, `account`, `username`, `password`, `avatar`, `email`, `role`, `gender`, `birthday`, `phone`, `create_time`) VALUES
(64, 'chenyutong', '陈雨桐', '14e1b600b1fd579f47433b88e8d85291', '/api/v1.0/pet-adopt-api/file/getFile?fileName=17488801328625.png', 'chenyutong@example.com', 2, 1, '2002-03-14', '13810010064', '2025-06-25 10:15:00'),
(65, 'wangze', '王泽', '14e1b600b1fd579f47433b88e8d85291', '/api/v1.0/pet-adopt-api/file/getFile?fileName=17488801204072.png', 'wangze@example.com', 2, 2, '1998-11-20', '13810010065', '2025-06-26 09:20:00'),
(66, 'xuanran', '许安然', '14e1b600b1fd579f47433b88e8d85291', '/api/v1.0/pet-adopt-api/file/getFile?fileName=17488801271647.png', 'xuanran@example.com', 2, 1, '1993-08-08', '13810010066', '2025-06-27 14:05:00'),
(67, 'zhoujingxing', '周景行', '14e1b600b1fd579f47433b88e8d85291', '/api/v1.0/pet-adopt-api/file/getFile?fileName=17485958396406.png', 'zhoujingxing@example.com', 2, 2, '1989-05-16', '13810010067', '2025-06-28 11:12:00'),
(68, 'linzhixia', '林知夏', '14e1b600b1fd579f47433b88e8d85291', '/api/v1.0/pet-adopt-api/file/getFile?fileName=17488801328625.png', 'linzhixia@example.com', 2, 1, '1996-12-09', '13810010068', '2025-06-29 13:45:00'),
(69, 'songyihang', '宋一航', '14e1b600b1fd579f47433b88e8d85291', '/api/v1.0/pet-adopt-api/file/getFile?fileName=17488801204072.png', 'songyihang@example.com', 2, 2, '2001-07-21', '13810010069', '2025-07-01 08:48:00'),
(70, 'heruoxi', '何若溪', '14e1b600b1fd579f47433b88e8d85291', '/api/v1.0/pet-adopt-api/file/getFile?fileName=17488801271647.png', 'heruoxi@example.com', 2, 1, '1984-10-02', '13810010070', '2025-07-02 10:02:00'),
(71, 'guchen', '顾晨', '14e1b600b1fd579f47433b88e8d85291', '/api/v1.0/pet-adopt-api/file/getFile?fileName=17485958396406.png', 'guchen@example.com', 2, 2, '1991-01-18', '13810010071', '2025-07-03 16:30:00'),
(72, 'shennian', '沈念', '14e1b600b1fd579f47433b88e8d85291', '/api/v1.0/pet-adopt-api/file/getFile?fileName=17488801328625.png', 'shennian@example.com', 2, 1, '1999-04-27', '13810010072', '2025-07-05 09:41:00'),
(73, 'zhaotingyu', '赵廷宇', '14e1b600b1fd579f47433b88e8d85291', '/api/v1.0/pet-adopt-api/file/getFile?fileName=17488801204072.png', 'zhaotingyu@example.com', 2, 2, '1987-09-13', '13810010073', '2025-07-08 15:15:00');

REPLACE INTO `address` (`id`, `user_id`, `detail`, `addressee`, `concat_phone`, `is_default`, `create_time`) VALUES
(101, 64, '上海市浦东新区海蓝路101号', '陈雨桐', '13810010064', 1, '2025-06-25 10:20:00'),
(102, 65, '杭州市西湖区灵隐路66号', '王泽', '13810010065', 1, '2025-06-26 09:25:00'),
(103, 66, '南京市建邺区云锦路88号', '许安然', '13810010066', 1, '2025-06-27 14:08:00'),
(104, 67, '成都市高新区天府大道中段399号', '周景行', '13810010067', 1, '2025-06-28 11:18:00'),
(105, 68, '苏州市工业园区星港街219号', '林知夏', '13810010068', 1, '2025-06-29 13:50:00'),
(106, 69, '武汉市武昌区友谊大道59号', '宋一航', '13810010069', 1, '2025-07-01 08:52:00'),
(107, 70, '北京市朝阳区望京街10号', '何若溪', '13810010070', 1, '2025-07-02 10:06:00'),
(108, 71, '深圳市南山区科苑路15号', '顾晨', '13810010071', 1, '2025-07-03 16:35:00'),
(109, 72, '长沙市岳麓区梅溪湖路77号', '沈念', '13810010072', 1, '2025-07-05 09:45:00'),
(110, 73, '厦门市思明区环岛东路88号', '赵廷宇', '13810010073', 1, '2025-07-08 15:20:00');

REPLACE INTO `pet` (`id`, `name`, `cover`, `detail`, `address`, `age`, `gender`, `pet_type_id`, `is_vaccine`, `is_recommend`, `is_adopt`, `create_time`) VALUES
(101, '奶油布偶“糯米”', '/api/v1.0/pet-adopt-api/file/getFile?fileName=codex_pet_cover_901.png', '<p>性格温顺，适合陪伴型家庭，疫苗齐全。</p>', '上海浦东', 10, 1, 1, 1, 1, 1, '2025-07-01 10:00:00'),
(102, '柴犬“团子”', '/api/v1.0/pet-adopt-api/file/getFile?fileName=codex_pet_cover_902.png', '<p>活泼亲人，喜欢户外活动，基础指令训练完成。</p>', '杭州西湖', 14, 2, 2, 1, 1, 1, '2025-07-15 09:30:00'),
(103, '英短“云朵”', '/api/v1.0/pet-adopt-api/file/getFile?fileName=codex_pet_cover_903.png', '<p>安静胆小，适合安稳环境，适应后很黏人。</p>', '南京建邺', 20, 1, 1, 1, 0, 0, '2025-08-05 14:10:00'),
(104, '边牧“七七”', '/api/v1.0/pet-adopt-api/file/getFile?fileName=codex_pet_cover_904.png', '<p>精力充沛，互动性强，适合有遛狗习惯的主人。</p>', '成都高新', 9, 2, 2, 1, 1, 1, '2025-09-02 12:00:00'),
(105, '三花猫“栗子”', '/api/v1.0/pet-adopt-api/file/getFile?fileName=codex_pet_cover_905.png', '<p>亲人爱玩，适合新手领养，身体状况稳定。</p>', '苏州园区', 7, 1, 1, 1, 1, 0, '2025-10-12 11:25:00'),
(106, '金毛“阿麦”', '/api/v1.0/pet-adopt-api/file/getFile?fileName=codex_pet_cover_906.png', '<p>温和稳重，对小朋友友好，适合家庭陪伴。</p>', '武汉武昌', 18, 2, 2, 1, 1, 1, '2025-11-08 15:40:00'),
(107, '橘猫“南瓜”', '/api/v1.0/pet-adopt-api/file/getFile?fileName=codex_pet_cover_907.png', '<p>好奇心强，互动积极，适合喜欢黏人猫的用户。</p>', '北京朝阳', 6, 2, 1, 1, 1, 1, '2025-12-01 09:00:00'),
(108, '柯基“可乐”', '/api/v1.0/pet-adopt-api/file/getFile?fileName=codex_pet_cover_908.png', '<p>短腿活泼，镜头感很好，但仍在等待合适家庭。</p>', '深圳南山', 11, 1, 2, 1, 1, 0, '2026-01-10 13:20:00'),
(109, '蓝猫“小饼干”', '/api/v1.0/pet-adopt-api/file/getFile?fileName=codex_pet_cover_909.png', '<p>毛量优秀，爱撒娇，喜欢安静陪伴。</p>', '长沙岳麓', 13, 1, 1, 1, 1, 1, '2026-02-06 10:45:00'),
(110, '萨摩耶“白团团”', '/api/v1.0/pet-adopt-api/file/getFile?fileName=codex_pet_cover_910.png', '<p>外形出众，性格友善，社交表现非常好。</p>', '厦门思明', 16, 2, 2, 1, 1, 1, '2026-02-25 16:10:00'),
(111, '狸花猫“阿哲”', '/api/v1.0/pet-adopt-api/file/getFile?fileName=codex_pet_cover_911.png', '<p>独立沉稳，适合有养猫经验的领养人。</p>', '广州白云', 24, 2, 1, 1, 0, 0, '2026-03-03 11:05:00'),
(112, '田园犬“麦兜”', '/api/v1.0/pet-adopt-api/file/getFile?fileName=codex_pet_cover_912.png', '<p>忠诚懂事，身体健康，喜欢中长距离散步。</p>', '福州仓山', 22, 2, 2, 1, 0, 0, '2026-03-18 09:40:00');

REPLACE INTO `pet_adopt_order` (`id`, `user_id`, `pet_id`, `address_id`, `detail`, `status`, `audit_error_detail`, `is_again_post`, `post_number`, `create_time`) VALUES
(101, 64, 101, 101, '<p>家里养宠经验充足，愿意长期陪伴并接受回访。</p>', 4, '', 0, 1, '2025-07-09 18:00:00'),
(102, 65, 102, 102, '<p>日常有固定遛狗时间，能承担疫苗与体检支出。</p>', 4, '', 0, 1, '2025-08-01 19:15:00'),
(103, 66, 104, 103, '<p>居住空间充足，工作时间规律，适合高互动犬只。</p>', 4, '', 0, 1, '2025-09-26 17:40:00'),
(104, 67, 106, 104, '<p>希望为大型犬提供稳定陪伴，愿签署领养协议。</p>', 4, '', 0, 1, '2025-11-30 20:10:00'),
(105, 68, 107, 105, '<p>已准备猫爬架与封窗，能保证室内安全饲养。</p>', 4, '', 0, 1, '2025-12-13 15:35:00'),
(106, 69, 109, 106, '<p>偏爱陪伴型猫咪，可长期承担医疗和主粮费用。</p>', 4, '', 0, 1, '2026-02-20 13:30:00'),
(107, 70, 110, 107, '<p>家庭成员都接受养犬，周末有充分陪伴时间。</p>', 4, '', 0, 1, '2026-03-20 18:20:00'),
(108, 71, 101, 108, '<p>曾有布偶猫照护经验，熟悉换粮与适应期管理。</p>', 2, '', 1, 2, '2025-07-18 14:10:00'),
(109, 72, 102, 109, '<p>已完成家中清理和安全布置，愿意配合后续回访。</p>', 2, '', 0, 1, '2025-08-19 10:45:00'),
(110, 73, 105, 110, '<p>想领养一只性格稳定的猫咪，接受定期回访。</p>', 2, '', 0, 1, '2025-10-24 16:00:00');

REPLACE INTO `active_net` (`id`, `user_id`, `content_id`, `type`, `create_time`, `content_type`) VALUES
(1001, 64, 101, 1, '2025-07-05 09:10:00', 'PET'),
(1002, 64, 101, 2, '2025-07-05 09:12:00', 'PET'),
(1003, 64, 101, 3, '2025-07-05 09:13:00', 'PET'),
(1004, 65, 102, 1, '2025-07-20 18:22:00', 'PET'),
(1005, 65, 102, 1, '2025-07-20 18:24:00', 'PET'),
(1006, 65, 102, 3, '2025-07-20 18:26:00', 'PET'),
(1007, 66, 103, 1, '2025-08-12 12:40:00', 'PET'),
(1008, 67, 104, 3, '2025-09-08 20:02:00', 'PET'),
(1009, 67, 104, 3, '2025-09-08 20:05:00', 'PET'),
(1010, 67, 104, 2, '2025-09-08 20:06:00', 'PET'),
(1011, 67, 104, 2, '2025-09-08 20:07:00', 'PET'),
(1012, 68, 105, 1, '2025-10-15 10:30:00', 'PET'),
(1013, 68, 105, 1, '2025-10-15 10:34:00', 'PET'),
(1014, 68, 105, 1, '2025-10-15 10:38:00', 'PET'),
(1015, 69, 106, 3, '2025-11-15 08:15:00', 'PET'),
(1016, 69, 106, 1, '2025-11-15 08:16:00', 'PET'),
(1017, 69, 106, 1, '2025-11-15 08:18:00', 'PET'),
(1018, 70, 107, 1, '2025-12-05 19:21:00', 'PET'),
(1019, 70, 107, 1, '2025-12-05 19:23:00', 'PET'),
(1020, 70, 107, 1, '2025-12-05 19:24:00', 'PET'),
(1021, 70, 107, 1, '2025-12-05 19:26:00', 'PET'),
(1022, 70, 107, 2, '2025-12-05 19:28:00', 'PET'),
(1023, 70, 107, 3, '2025-12-05 19:29:00', 'PET'),
(1024, 71, 108, 1, '2026-01-12 17:10:00', 'PET'),
(1025, 72, 109, 3, '2026-02-10 09:45:00', 'PET'),
(1026, 72, 109, 3, '2026-02-10 09:47:00', 'PET'),
(1027, 72, 109, 2, '2026-02-10 09:50:00', 'PET'),
(1028, 72, 109, 1, '2026-02-10 09:53:00', 'PET'),
(1029, 73, 110, 3, '2026-03-01 11:18:00', 'PET'),
(1030, 73, 110, 3, '2026-03-01 11:20:00', 'PET'),
(1031, 73, 110, 3, '2026-03-01 11:21:00', 'PET'),
(1032, 73, 110, 2, '2026-03-01 11:22:00', 'PET'),
(1033, 73, 110, 1, '2026-03-01 11:24:00', 'PET'),
(1034, 64, 111, 1, '2026-03-06 20:41:00', 'PET'),
(1035, 64, 111, 1, '2026-03-06 20:43:00', 'PET'),
(1036, 65, 112, 3, '2026-03-22 14:10:00', 'PET'),
(1037, 65, 112, 2, '2026-03-22 14:11:00', 'PET'),
(1038, 59, 101, 1, '2025-07-06 09:30:00', 'PET'),
(1039, 59, 101, 3, '2025-07-06 09:35:00', 'PET'),
(1040, 61, 102, 2, '2025-07-25 12:00:00', 'PET'),
(1041, 61, 102, 1, '2025-07-25 12:05:00', 'PET'),
(1042, 63, 104, 3, '2025-09-12 15:15:00', 'PET'),
(1043, 63, 104, 1, '2025-09-12 15:16:00', 'PET'),
(1044, 59, 106, 2, '2025-11-20 18:40:00', 'PET'),
(1045, 59, 106, 1, '2025-11-20 18:42:00', 'PET'),
(1046, 61, 107, 2, '2025-12-06 10:30:00', 'PET'),
(1047, 61, 107, 3, '2025-12-06 10:31:00', 'PET'),
(1048, 63, 109, 1, '2026-02-12 19:20:00', 'PET'),
(1049, 63, 109, 2, '2026-02-12 19:23:00', 'PET'),
(1050, 59, 110, 1, '2026-03-05 08:18:00', 'PET'),
(1051, 59, 110, 2, '2026-03-05 08:19:00', 'PET');

UPDATE `pet`
SET `is_adopt` = 1
WHERE `id` = 7;

SET FOREIGN_KEY_CHECKS = 1;
