USE `pet_adopt_system`;

SET NAMES utf8mb4;
SET FOREIGN_KEY_CHECKS = 0;

-- 可视化图表增强数据
-- 建议导入顺序：
-- 1. pet_adopt_system.sql
-- 2. pet_adopt_system_visual_seed.sql
--
-- 如果你之前已经导入过 pet_adopt_system_defense_seed.sql，也可以继续导入本文件；
-- 本文件使用独立 ID 范围，不会和已有增强数据冲突。
--
-- 本文件重点增强 4 类统计图：
-- 1. 领养人群性别分布
-- 2. 领养人年龄段分布
-- 3. 各月份平均领养耗时趋势
-- 4. 宠物吸引力与领养率关系

-- 先清理当前文件使用的数据范围，方便重复导入
DELETE FROM `active_net`
WHERE (`content_type` = 'PET' AND `content_id` BETWEEN 120 AND 133)
   OR `user_id` BETWEEN 120 AND 131;

DELETE FROM `pet_adopt_order`
WHERE `id` BETWEEN 120 AND 131;

DELETE FROM `address`
WHERE `id` BETWEEN 120 AND 131;

DELETE FROM `pet`
WHERE `id` BETWEEN 120 AND 133;

DELETE FROM `user`
WHERE `id` BETWEEN 120 AND 131;

INSERT INTO `user` (
    `id`, `account`, `username`, `password`, `avatar`, `email`,
    `role`, `gender`, `birthday`, `phone`, `create_time`
) VALUES
(120, 'liangyue', '梁月', '14e1b600b1fd579f47433b88e8d85291', '/api/v1.0/pet-adopt-api/file/getFile?fileName=17488801328625.png', 'liangyue@example.com', 2, 1, '2004-04-12', '13810020120', '2025-07-10 09:18:00'),
(121, 'chenhao', '陈昊', '14e1b600b1fd579f47433b88e8d85291', '/api/v1.0/pet-adopt-api/file/getFile?fileName=17488801204072.png', 'chenhao@example.com', 2, 2, '2003-09-08', '13810020121', '2025-08-02 11:05:00'),
(122, 'songwei', '宋薇', '14e1b600b1fd579f47433b88e8d85291', '/api/v1.0/pet-adopt-api/file/getFile?fileName=17488801271647.png', 'songwei@example.com', 2, 1, '2001-06-18', '13810020122', '2025-08-25 15:10:00'),
(123, 'hejun', '何俊', '14e1b600b1fd579f47433b88e8d85291', '/api/v1.0/pet-adopt-api/file/getFile?fileName=17485958396406.png', 'hejun@example.com', 2, 2, '1998-12-05', '13810020123', '2025-09-12 10:00:00'),
(124, 'tangxin', '唐欣', '14e1b600b1fd579f47433b88e8d85291', '/api/v1.0/pet-adopt-api/file/getFile?fileName=17488801328625.png', 'tangxin@example.com', 2, 1, '1996-11-30', '13810020124', '2025-10-03 14:25:00'),
(125, 'gaoyuan', '高远', '14e1b600b1fd579f47433b88e8d85291', '/api/v1.0/pet-adopt-api/file/getFile?fileName=17488801204072.png', 'gaoyuan@example.com', 2, 2, '1994-03-26', '13810020125', '2025-11-06 08:55:00'),
(126, 'linnan', '林楠', '14e1b600b1fd579f47433b88e8d85291', '/api/v1.0/pet-adopt-api/file/getFile?fileName=17488801271647.png', 'linnan@example.com', 2, 1, '1991-08-09', '13810020126', '2025-11-28 13:40:00'),
(127, 'xujie', '许杰', '14e1b600b1fd579f47433b88e8d85291', '/api/v1.0/pet-adopt-api/file/getFile?fileName=17485958396406.png', 'xujie@example.com', 2, 2, '1988-01-14', '13810020127', '2025-12-18 09:08:00'),
(128, 'zhouran', '周然', '14e1b600b1fd579f47433b88e8d85291', '/api/v1.0/pet-adopt-api/file/getFile?fileName=17488801328625.png', 'zhouran@example.com', 2, 1, '1982-05-20', '13810020128', '2026-01-08 10:35:00'),
(129, 'penghao', '彭昊', '14e1b600b1fd579f47433b88e8d85291', '/api/v1.0/pet-adopt-api/file/getFile?fileName=17488801204072.png', 'penghao@example.com', 2, 2, '1997-02-01', '13810020129', '2026-01-26 17:12:00'),
(130, 'guqing', '顾晴', '14e1b600b1fd579f47433b88e8d85291', '/api/v1.0/pet-adopt-api/file/getFile?fileName=17488801271647.png', 'guqing@example.com', 2, 1, '1995-10-11', '13810020130', '2026-03-06 11:22:00'),
(131, 'yuanbo', '袁博', '14e1b600b1fd579f47433b88e8d85291', '/api/v1.0/pet-adopt-api/file/getFile?fileName=17485958396406.png', 'yuanbo@example.com', 2, 2, '1986-07-07', '13810020131', '2026-03-20 16:40:00');

INSERT INTO `address` (
    `id`, `user_id`, `detail`, `addressee`, `concat_phone`, `is_default`, `create_time`
) VALUES
(120, 120, '上海市杨浦区国定路88号', '梁月', '13810020120', 1, '2025-07-10 09:30:00'),
(121, 121, '杭州市滨江区闻涛路55号', '陈昊', '13810020121', 1, '2025-08-02 11:15:00'),
(122, 122, '成都市武侯区科华北路71号', '宋薇', '13810020122', 1, '2025-08-25 15:18:00'),
(123, 123, '南京市鼓楼区中山北路188号', '何俊', '13810020123', 1, '2025-09-12 10:08:00'),
(124, 124, '苏州市工业园区星湖街129号', '唐欣', '13810020124', 1, '2025-10-03 14:35:00'),
(125, 125, '武汉市洪山区珞喻路98号', '高远', '13810020125', 1, '2025-11-06 09:05:00'),
(126, 126, '北京市朝阳区酒仙桥路9号', '林楠', '13810020126', 1, '2025-11-28 13:45:00'),
(127, 127, '深圳市福田区深南大道6007号', '许杰', '13810020127', 1, '2025-12-18 09:20:00'),
(128, 128, '长沙市岳麓区麓山南路36号', '周然', '13810020128', 1, '2026-01-08 10:46:00'),
(129, 129, '厦门市思明区湖滨东路12号', '彭昊', '13810020129', 1, '2026-01-26 17:20:00'),
(130, 130, '广州市天河区珠江新城华夏路16号', '顾晴', '13810020130', 1, '2026-03-06 11:30:00'),
(131, 131, '福州市仓山区金山大道166号', '袁博', '13810020131', 1, '2026-03-20 16:50:00');

INSERT INTO `pet` (
    `id`, `name`, `cover`, `detail`, `address`, `age`, `gender`,
    `pet_type_id`, `is_vaccine`, `is_recommend`, `is_adopt`, `create_time`
) VALUES
(120, '英短“拿铁”', '/api/v1.0/pet-adopt-api/file/getFile?fileName=1749628839000Snipaste_2025-06-05_15-08-06.png', '<p>性格安静，适合公寓饲养，对新环境适应速度较慢，但熟悉后会很黏人。</p>', '上海杨浦', 18, 1, 1, 1, 1, 0, '2025-07-05 10:00:00'),
(121, '银渐层“露娜”', '/api/v1.0/pet-adopt-api/file/getFile?fileName=1750313708324Snipaste_2025-06-18_11-02-35.png', '<p>毛量蓬松，喜欢被梳毛，适合生活节奏稳定的领养家庭。</p>', '杭州滨江', 11, 1, 1, 1, 1, 1, '2025-07-12 09:40:00'),
(122, '三花猫“栗栗”', '/api/v1.0/pet-adopt-api/file/getFile?fileName=1750313882684Snipaste_2025-06-18_11-03-10.png', '<p>亲人活泼，吃饭规律，喜欢逗猫棒和窗边晒太阳。</p>', '成都武侯', 7, 1, 1, 1, 1, 1, '2025-08-03 14:10:00'),
(123, '柯基“可颂”', '/api/v1.0/pet-adopt-api/file/getFile?fileName=1749463108000Snipaste_2025-06-05_15-08-29.png', '<p>短腿活泼，社交意愿强，适合有日常遛狗习惯的主人。</p>', '南京鼓楼', 13, 0, 2, 1, 1, 1, '2025-08-28 11:30:00'),
(124, '金毛“阿麦”', '/api/v1.0/pet-adopt-api/file/getFile?fileName=1750313785167Snipaste_2025-06-18_11-01-50.png', '<p>性格稳重，对老人和小朋友都很友好，适合家庭型领养。</p>', '苏州园区', 16, 0, 2, 1, 1, 1, '2025-09-20 15:50:00'),
(125, '布偶“奶芙”', '/api/v1.0/pet-adopt-api/file/getFile?fileName=codex_pet_cover_913.png', '<p>蓝眼睛布偶猫，气质温柔，对室内陪伴需求较高。</p>', '武汉洪山', 9, 1, 1, 1, 1, 1, '2025-10-06 13:00:00'),
(126, '边牧“七七”', '/api/v1.0/pet-adopt-api/file/getFile?fileName=1750313948026Snipaste_2025-06-18_11-01-43.png', '<p>精力旺盛，互动欲强，适合喜欢训练和户外活动的用户。</p>', '北京朝阳', 10, 1, 2, 1, 1, 1, '2025-11-01 08:40:00'),
(127, '橘猫“南瓜”', '/api/v1.0/pet-adopt-api/file/getFile?fileName=codex_pet_cover_914.png', '<p>黏人爱撒娇，镜头感很好，愿意主动贴近人类。</p>', '深圳福田', 6, 0, 1, 1, 1, 1, '2025-11-25 16:20:00'),
(128, '萨摩耶“云团”', '/api/v1.0/pet-adopt-api/file/getFile?fileName=codex_pet_cover_915.png', '<p>笑容治愈，性格友善，适合愿意投入梳毛和陪伴时间的家庭。</p>', '长沙岳麓', 15, 1, 2, 1, 1, 1, '2025-12-08 10:15:00'),
(129, '蓝猫“小饼干”', '/api/v1.0/pet-adopt-api/file/getFile?fileName=codex_pet_cover_916.png', '<p>安静细腻，适合安稳家庭，换粮和适应期表现都比较稳定。</p>', '厦门思明', 14, 1, 1, 1, 1, 1, '2026-01-05 09:50:00'),
(130, '柴犬“团子”', '/api/v1.0/pet-adopt-api/file/getFile?fileName=codex_pet_cover_917.png', '<p>表情丰富，独立但不冷漠，适合有耐心建立边界感的领养人。</p>', '广州天河', 12, 0, 2, 1, 1, 1, '2026-01-28 14:05:00'),
(131, '田园犬“麦兜”', '/api/v1.0/pet-adopt-api/file/getFile?fileName=codex_pet_cover_918.png', '<p>忠诚懂事，身体素质好，目前仍在等待更合适的家庭。</p>', '福州仓山', 20, 0, 2, 1, 0, 0, '2026-02-10 11:20:00'),
(132, '狸花猫“阿哲”', '/api/v1.0/pet-adopt-api/file/getFile?fileName=codex_pet_cover_919.png', '<p>独立稳重，适合有养猫经验的人，对固定作息适应良好。</p>', '广州天河', 21, 0, 1, 1, 0, 1, '2026-03-01 10:10:00'),
(133, '拉布拉多“可可”', '/api/v1.0/pet-adopt-api/file/getFile?fileName=codex_pet_cover_920.png', '<p>服从性高，亲和力强，适合希望养一只陪伴型大狗的家庭。</p>', '福州仓山', 17, 1, 2, 1, 1, 1, '2026-03-18 09:30:00');

INSERT INTO `pet_adopt_order` (
    `id`, `user_id`, `pet_id`, `address_id`, `detail`, `status`,
    `audit_error_detail`, `is_again_post`, `post_number`, `create_time`
) VALUES
(120, 120, 121, 120, '<p>平时作息稳定，接受定期回访，愿意长期陪伴猫咪适应新家。</p>', 4, '', 0, 1, '2025-07-24 18:20:00'),
(121, 121, 122, 121, '<p>有基础养猫经验，家中已完成封窗与猫砂盆配置。</p>', 4, '', 0, 1, '2025-08-19 19:05:00'),
(122, 122, 123, 122, '<p>有充足遛狗时间，希望领养一只互动性更强的小型犬。</p>', 2, '', 0, 1, '2025-09-10 16:40:00'),
(123, 123, 124, 123, '<p>家庭成员都认可领养决定，可承担日常喂养和体检支出。</p>', 4, '', 0, 1, '2025-10-12 17:15:00'),
(124, 124, 125, 124, '<p>偏好性格温和的室内猫，能够提供稳定安静的生活环境。</p>', 4, '', 0, 1, '2025-10-21 13:50:00'),
(125, 125, 126, 125, '<p>本人有训练犬只经验，能保证边牧的运动量和互动需求。</p>', 2, '', 0, 1, '2025-11-17 20:30:00'),
(126, 126, 127, 126, '<p>已准备好猫爬架和封窗措施，希望给它长期稳定的陪伴。</p>', 4, '', 0, 1, '2025-12-12 15:20:00'),
(127, 127, 128, 127, '<p>家中空间较大，家人时间灵活，能够满足中大型犬陪伴需求。</p>', 4, '', 1, 2, '2026-01-14 18:45:00'),
(128, 128, 129, 128, '<p>喜欢安静陪伴型猫咪，愿意承担疫苗、驱虫和后续医疗费用。</p>', 2, '', 0, 1, '2026-02-09 14:10:00'),
(129, 129, 130, 129, '<p>接受回访和领养协议，希望和柴犬建立长期稳定关系。</p>', 4, '', 0, 1, '2026-02-28 16:35:00'),
(130, 130, 132, 130, '<p>居住环境适合室内养猫，平时有固定时间进行陪伴和清洁。</p>', 2, '', 0, 1, '2026-03-17 11:45:00'),
(131, 131, 133, 131, '<p>之前有照顾拉布拉多的经验，能够保证遛狗频次和基础训练。</p>', 4, '', 0, 1, '2026-04-14 19:10:00');

INSERT INTO `active_net` (
    `user_id`, `content_id`, `type`, `create_time`, `content_type`
) VALUES
-- 低吸引力（0-2）
(59, 120, 1, '2025-07-08 10:20:00', 'PET'),
(120, 121, 2, '2025-07-18 21:00:00', 'PET'),

-- 中等吸引力（3-5）
(121, 122, 3, '2025-08-10 18:10:00', 'PET'),
(59, 122, 1, '2025-08-11 09:15:00', 'PET'),
(122, 123, 2, '2025-09-05 20:05:00', 'PET'),
(61, 123, 3, '2025-09-06 08:50:00', 'PET'),
(123, 124, 3, '2025-10-01 19:20:00', 'PET'),
(63, 124, 2, '2025-10-02 10:30:00', 'PET'),
(128, 131, 3, '2026-02-15 09:30:00', 'PET'),
(59, 131, 1, '2026-02-15 09:38:00', 'PET'),

-- 较高吸引力（6-9）
(124, 125, 1, '2025-10-16 14:20:00', 'PET'),
(59, 125, 2, '2025-10-16 14:28:00', 'PET'),
(124, 125, 3, '2025-10-17 08:45:00', 'PET'),
(125, 126, 3, '2025-11-08 19:10:00', 'PET'),
(61, 126, 3, '2025-11-09 08:40:00', 'PET'),
(59, 126, 2, '2025-11-09 20:30:00', 'PET'),
(126, 127, 3, '2025-12-02 18:00:00', 'PET'),
(61, 127, 3, '2025-12-03 10:15:00', 'PET'),
(63, 127, 3, '2025-12-03 10:18:00', 'PET'),
(130, 132, 3, '2026-03-10 19:10:00', 'PET'),
(59, 132, 2, '2026-03-10 19:12:00', 'PET'),
(61, 132, 1, '2026-03-11 08:25:00', 'PET'),
(63, 132, 1, '2026-03-11 08:29:00', 'PET'),

-- 高吸引力（10+）
(127, 128, 3, '2026-01-03 20:20:00', 'PET'),
(59, 128, 2, '2026-01-04 09:05:00', 'PET'),
(61, 128, 2, '2026-01-04 09:08:00', 'PET'),
(63, 128, 1, '2026-01-04 09:10:00', 'PET'),
(127, 128, 3, '2026-01-05 07:55:00', 'PET'),
(128, 129, 3, '2026-02-01 18:40:00', 'PET'),
(59, 129, 3, '2026-02-01 18:42:00', 'PET'),
(61, 129, 2, '2026-02-01 18:45:00', 'PET'),
(63, 129, 2, '2026-02-01 18:47:00', 'PET'),
(120, 129, 1, '2026-02-02 10:12:00', 'PET'),
(121, 129, 1, '2026-02-02 10:16:00', 'PET'),
(122, 129, 1, '2026-02-02 10:20:00', 'PET'),
(129, 130, 3, '2026-02-20 20:10:00', 'PET'),
(59, 130, 3, '2026-02-20 20:15:00', 'PET'),
(61, 130, 3, '2026-02-20 20:18:00', 'PET'),
(63, 130, 2, '2026-02-21 08:40:00', 'PET'),
(120, 130, 2, '2026-02-21 08:45:00', 'PET'),
(121, 130, 2, '2026-02-21 08:49:00', 'PET'),
(131, 133, 3, '2026-04-01 19:30:00', 'PET'),
(59, 133, 3, '2026-04-01 19:33:00', 'PET'),
(61, 133, 2, '2026-04-01 19:35:00', 'PET'),
(63, 133, 2, '2026-04-01 19:37:00', 'PET'),
(120, 133, 2, '2026-04-02 08:50:00', 'PET');

SET FOREIGN_KEY_CHECKS = 1;
